{
  "dataset": "cityscapes",
  "num_images": 5,
  "num_val_images": 5,
  "device": "cpu",
  "baseline_miou": 20.392267195915455,
  "floss_miou": 23.361187284729827,
  "delta_miou": 2.9689200888143716,
  "baseline_per_class_iou": {
    "road": 76.95928173114018,
    "sidewalk": 16.27433843306804,
    "building": 76.24878355435406,
    "wall": 0.0,
    "fence": 0.0,
    "pole": 0.016486233994614494,
    "traffic light": 0.0,
    "traffic sign": 2.013938956981495,
    "vegetation": 71.67116489827242,
    "terrain": 0.0,
    "sky": 0.0,
    "person": 0.0,
    "rider": 0.0,
    "car": 69.09948553852944,
    "truck": 0.0,
    "bus": NaN,
    "train": NaN,
    "motorcycle": NaN,
    "bicycle": 13.99279578830701
  },
  "floss_per_class_iou": {
    "road": 54.270906590811286,
    "sidewalk": 9.707116842466297,
    "building": 81.42560250439426,
    "wall": 0.0,
    "fence": 0.0,
    "pole": 0.8289750108826629,
    "traffic light": 6.405340636768229,
    "traffic sign": 3.2467841829442587,
    "vegetation": 78.99596956708676,
    "terrain": 0.0,
    "sky": 58.86830743191892,
    "person": 1.2154803578374174,
    "rider": 8.13550878067007,
    "car": 70.67900464989702,
    "truck": 0.0,
    "bus": NaN,
    "train": NaN,
    "motorcycle": NaN,
    "bicycle": 0.0
  }
}